Date, Title, Price, url 
Feb 11,Qualatex 20 Birthday Confetti Foil Balloon 18" Balloon New!!! ,6,https://sfbay.craigslist.org/eby/art/d/martinez-special-thoughts-happy/7274810856.html
Feb 11,Kobalt 28oz Dead Blow Strike Hammer rubber mallet ,8,https://sfbay.craigslist.org/eby/clo/d/concord-kids-iron-man-infinity-war/7276184033.html
Feb 11,Ceramic Cake Plate Transparent Glass Cover Tray Snack Stand ,35,https://sfbay.craigslist.org/nby/zip/d/santa-rosa-free-womans-teen-damaged/7276161763.html
Feb 11,Lenox tea light with 24K trim ,5,https://sfbay.craigslist.org/pen/spo/d/half-moon-bay-golf-caddy-travel-bag/7261309095.html
Feb 11,3 Count 12" x 16" x 10" Light Pink Paper Fans New!!! ,3,https://sfbay.craigslist.org/eby/clt/d/alameda-pokemon-mcdonalds-25th/7276184008.html
Feb 11,Linksys Cisco e1200 wi-fi router / 300Mbps ,15,https://sfbay.craigslist.org/eby/clo/d/martinez-jesus-costume-accessory-set/7274810818.html
Feb 11,Chanukah Hanukkah Jewish Holiday Festival Lights Party Paper Luncheon ,4,https://sfbay.craigslist.org/eby/art/d/martinez-qualatex-20-birthday-confetti/7264117440.html
Feb 11,Spectre 14” Red Air Cleaner ,100,https://sfbay.craigslist.org/sby/tls/d/campbell-kobalt-28oz-dead-blow-strike/7276183955.html
Feb 11,M-Audio M-Track Plus MKII / USB Audio Interface ,100,https://sfbay.craigslist.org/sby/hsh/d/san-jose-ceramic-cake-plate-transparent/7276183962.html
Feb 11,Anagram Shine On Birthday Girl Jumbo Foil Balloon New!!! ,7,https://sfbay.craigslist.org/pen/clt/d/palo-alto-lenox-tea-light-with-24k-trim/7273299359.html
Feb 11,Antique / Vintage Sausage Maker ,200,https://sfbay.craigslist.org/eby/art/d/martinez-count-12-16-10-light-pink/7276183940.html
Feb 11,Techniques SL-PD947 5-Disc CD Changer W/ Remote & Manual ,85,https://sfbay.craigslist.org/pen/sop/d/daly-city-linksys-cisco-e1200-wi-fi/7269660437.html
Feb 11,Amscan Pink Glitter Birthday Candle Number 0 New!!! ,7,https://sfbay.craigslist.org/eby/art/d/concord-chanukah-hanukkah-jewish/7267332786.html
Feb 11,LG PF1500 LED Smart Projector / 1080p / 120" Display ,450,https://sfbay.craigslist.org/sby/pts/d/campbell-spectre-14-red-air-cleaner/7270387460.html
Feb 11,Abstract for sale ,20,https://sfbay.craigslist.org/pen/sop/d/daly-city-audio-track-plus-mkii-usb/7272808170.html
Feb 11,(2FT) Round Shape Balloons Pack Of 4 Caribbean Blue Birthday Party Sup ,7,https://sfbay.craigslist.org/eby/art/d/concord-anagram-shine-on-birthday-girl/7274810778.html
Feb 11,Creative T15 / Stereo Desktop & Laptop Speakers / with Bluetooth ,30,https://sfbay.craigslist.org/pen/hsh/d/daly-city-antique-vintage-sausage-maker/7261125176.html
Feb 11,A pair of Hand Paint Cups ,6,https://sfbay.craigslist.org/nby/ele/d/rohnert-park-techniques-sl-pd947-disc/7269912928.html
Feb 11,Feel Better Polka Dot 18" Foil Balloon New!!! ,2,https://sfbay.craigslist.org/eby/art/d/martinez-amscan-pink-glitter-birthday/7264183259.html
Feb 11,Amazon Basics Fire Resistant Box Safe, .83 Cubic Feet ,480,https://sfbay.craigslist.org/pen/ele/d/daly-city-lg-pf1500-led-smart-projector/7275115565.html
Feb 11,Bowers & Wilkins HTM61 / Kevlar Center Speaker ,300,https://sfbay.craigslist.org/nby/art/d/sausalito-abstract-for-sale/7276183821.html
Feb 11,Jolly Holidays Round Platter 13" Snowman New!!! ,4,https://sfbay.craigslist.org/eby/art/d/concord-2ft-round-shape-balloons-pack/7265316807.html
Feb 11,San Francisco Americas Cup 2013 White Polo Shirt! ,20,https://sfbay.craigslist.org/pen/sop/d/daly-city-creative-t15-stereo-desktop/7272250079.html
Feb 11,ESTATE SALE ,0,https://sfbay.craigslist.org/eby/hsh/d/fremont-pair-of-hand-paint-cups/7276183795.html
Feb 11,Lightsaber Cup ,15,https://sfbay.craigslist.org/eby/art/d/concord-feel-better-polka-dot-18-foil/7264173157.html
Feb 11,Silver tea set with tray ,30,https://sfbay.craigslist.org/eby/for/d/oakland-amazon-basics-fire-resistant/7276181898.html
Feb 11,3 Count 12" x 16" Candy Pink Dot Paper Fans New!!! ,4,https://sfbay.craigslist.org/pen/ele/d/daly-city-bowers-wilkins-htm61-kevlar/7275154480.html
Feb 11,Oak Side Table / End Table ,40,https://sfbay.craigslist.org/eby/art/d/martinez-jolly-holidays-round-platter/7264183165.html
Feb 11,Fitzwright Immersion / " Survival " Suit 9450F Adult - Large ,425,https://sfbay.craigslist.org/eby/clo/d/pittsburg-san-francisco-americas-cup/7264558878.html
Feb 11,Herbert High Performance Camshaft Cam ,200,https://sfbay.craigslist.org/pen/gms/d/oakland-estate-sale/7276183703.html
Feb 11,Happy Anniversary Flowers Round Foil Mylar Party Decoration Balloon Ne ,3,https://sfbay.craigslist.org/sby/clt/d/san-jose-lightsaber-cup/7276183693.html
Feb 11,Amscan Green Glitter Birthday Candle Number 7 New!!! ,7,https://sfbay.craigslist.org/sby/hsh/d/san-jose-silver-tea-set-with-tray/7276183698.html
Feb 11,2 Thule Prologue Fork Mounted Roof Rack Bike Racks BRAND NEW in BOX ,175,https://sfbay.craigslist.org/eby/art/d/martinez-count-12-16-candy-pink-dot/7264173058.html
Feb 11,Baccarat Crystal Caviar Bowl W/ Floating Bowl Over Ice Bowl ,375,https://sfbay.craigslist.org/scz/atq/d/boulder-creek-oak-side-table-end-table/7276183657.html
Feb 11,Qualatex 80 Birthday Confetti Foil Balloon 18" Balloon New!!! ,6,https://sfbay.craigslist.org/nby/for/d/rohnert-park-fitzwright-immersion/7268429709.html
Feb 11,Antique Electric Taylor's Iron Hotpoint Mfg. Clothing Iron With Trivet ,50,https://sfbay.craigslist.org/sby/pts/d/campbell-herbert-high-performance/7270805577.html
Feb 11,Campagnolo Record 10 speed 13-29 Titanium Cassette ,100,https://sfbay.craigslist.org/eby/art/d/martinez-happy-anniversary-flowers/7274810720.html
Feb 11,Happy Birthday Colorful Stripes Round Foil Balloon New!!! ,3,https://sfbay.craigslist.org/eby/art/d/martinez-amscan-green-glitter-birthday/7264118800.html
Feb 11,Weiand SBC Intake Manifold ,0,https://sfbay.craigslist.org/nby/spo/d/santa-rosa-thule-prologue-fork-mounted/7267774656.html
Feb 11,Rare 1940s MOBO Toys All Pressed Steel Buck & Roll Bronco Horse ,0,https://sfbay.craigslist.org/nby/for/d/rohnert-park-baccarat-crystal-caviar/7265664693.html
Feb 11,Bath & Shower Safety Handle ,10,https://sfbay.craigslist.org/eby/art/d/martinez-qualatex-80-birthday-confetti/7264118909.html
Feb 11,Marantz SR7500 Audiophile receiver ,Feb 11 Marantz SR7500 Audiophile receiver ,https://sfbay.craigslist.org/eby/atq/d/concord-antique-electric-taylors-iron/7276183566.html
Feb 11,Faux leather swivel recliner chair ,100,https://sfbay.craigslist.org/nby/bop/d/healdsburg-campagnolo-record-10-speed/7276183558.html
Feb 11,Large Retro Round Chrome & Plastic Lighted No Smoking Sign ,125,https://sfbay.craigslist.org/eby/art/d/martinez-happy-birthday-colorful/7267329230.html
Feb 11,13 Piece 3/8" Drive Metric Socket Set Japanese Made ,20,https://sfbay.craigslist.org/sby/pts/d/campbell-weiand-sbc-intake-manifold/7271937568.html
Feb 11,Boss 35 Mil 3 Piece Rainsuit Yellow Large 3PR0300YL New!!! ,15,https://sfbay.craigslist.org/eby/clt/d/vallejo-rare-1940s-mobo-toys-all/7276122323.html
Feb 11,IPHONE-6,7,8,X,XR,XS-MAX-11~PRO-MAX-IWATCH~IPAD-SAMSUNG~UNLOCK-REPAIR ,25,https://sfbay.craigslist.org/eby/hab/d/fremont-bath-shower-safety-handle/7269888673.html
Feb 11,CIPA Mirrors 18000 Car Mirror Universal ,20,https://sfbay.craigslist.org/sby/ele/d/san-jose-marantz-sr7500-audiophile/7276183485.html
Feb 11,Halloween Pumpkin Tablecover 54" x 84" New!!! ,3,https://sfbay.craigslist.org/sby/fuo/d/san-jose-faux-leather-swivel-recliner/7272680885.html
Feb 11,TCL Roku TV 32S3750 32" Flatscreen LED HDTV W/ Remote ,125,https://sfbay.craigslist.org/nby/for/d/rohnert-park-large-retro-round-chrome/7265664557.html
Feb 11,Lectern Excellent Condition Presentations !!! ,40,https://sfbay.craigslist.org/eby/tls/d/concord-13-piece-8-drive-metric-socket/7276183464.html
Feb 11,Classic Pink Polka Dot Cello Treat Bags 20ct 5" x 11.25" New!!! ,3,https://sfbay.craigslist.org/eby/clo/d/boss-35-mil-piece-rainsuit-yellow-large/7264173355.html
Feb 11,Excellent Specialized Hotrock 21 Speed Bike ,275,https://sfbay.craigslist.org/sby/mod/d/san-jose-iphone-678xxrxs-max-11pro-max/7276185293.html
Feb 11,CARLSBERG DOUBLE SIDED BEER BAR PUB LIGHT LITE UP SIGN ,150,https://sfbay.craigslist.org/pen/pts/d/burlingame-cipa-mirrors-car-mirror/7264628475.html
Feb 11,USA Made Automobile FLOOR JACK ! ,30,https://sfbay.craigslist.org/eby/hsh/d/concord-halloween-pumpkin-tablecover-54/7274810682.html
Feb 11,Dr. Brown Bottle 4 pack ,10,https://sfbay.craigslist.org/nby/ele/d/rohnert-park-tcl-roku-tv-32s-flatscreen/7268429606.html
Feb 11,Chest of drawers ,90,https://sfbay.craigslist.org/pen/for/d/lectern-excellent-condition/7265172649.html
Feb 11,MTD Bolens Troy-Bilt 153577B .080 splitline String Trimmer Replacement ,7,https://sfbay.craigslist.org/eby/art/d/martinez-classic-pink-polka-dot-cello/7267229219.html
Feb 11,Ferm Living Kelim Rug- Merge ,250,https://sfbay.craigslist.org/pen/bik/d/burlingame-excellent-specialized/7276183370.html
Feb 11,2002 VOLKSWAGEN JETTA - PARTING OUT VEHICLE, Stock# 8S0085 ,1,https://sfbay.craigslist.org/pen/clt/d/burlingame-carlsberg-double-sided-beer/7264629308.html
Feb 11,Vasque Go-tex Waterproof Breathable Women's Hiking Boot - Size 7M ,120,https://sfbay.craigslist.org/pen/tls/d/usa-made-automobile-floor-jack/7268700219.html
Feb 11,!!TERRACE PLANTERS (SET)!! ,80,https://sfbay.craigslist.org/sby/bab/d/sunnyvale-dr-brown-bottle-pack/7261115850.html
Feb 11,31" Rubber Round Edge Corner Guard Protector reflective yellow safety ,20,https://sfbay.craigslist.org/sby/fuo/d/san-jose-chest-of-drawers/7275143215.html
Feb 11,MERCEDES 03-04 SL BOSE AUDIO AMP ,60,https://sfbay.craigslist.org/eby/grd/d/pittsburg-mtd-bolens-troy-bilt-080/7264020662.html
Feb 11,Fantastic Sofa and Love Seat Combination ,300,https://sfbay.craigslist.org/eby/fuo/d/oakland-ferm-living-kelim-rug-merge/7276183339.html
Feb 11,MAC Tools SXO7T 3/8" Drive 7pc Weatherhead Socket Set With Tray 7/16" ,110,https://sfbay.craigslist.org/eby/ptd/d/roseville-2002-volkswagen-jetta-parting/7276185217.html
Feb 11,Aero-Flex 16 PAC "No More Line!" Combo Replacement Blades New!!! ,7,https://sfbay.craigslist.org/sby/spo/d/san-jose-vasque-go-tex-waterproof/7276183326.html
Feb 11,Brand NEW Toyota Corolla Disc and Drum Brakes nice !!! ,60,https://sfbay.craigslist.org/eby/grd/d/vallejo-terrace-planters-set/7276183329.html
Feb 11,Gaggia Delux Coffee Latte Espresso Cappuccino Mac Italian Brewer Maker ,40,https://sfbay.craigslist.org/pen/for/d/31-rubber-round-edge-corner-guard/7271821139.html
Feb 11,Mad Scientist Plastic Table Cover 54" x 102" Party Decoration New!!! ,5,https://sfbay.craigslist.org/pen/ele/d/burlingame-mercedes-sl-bose-audio-amp/7264763243.html
Feb 11,Red comfortable chairs (2) ,75,https://sfbay.craigslist.org/sby/fuo/d/santa-clara-fantastic-sofa-and-love/7274436354.html
Feb 11,Tire Cable Chain - 12, 13 & 14" Wheel ,20,https://sfbay.craigslist.org/eby/tls/d/concord-mac-tools-sxo7t-8-drive-7pc/7276183310.html
Feb 11,Inflatable Mermaid Blue/Green (1ct) 32.5" New!!! ,3,https://sfbay.craigslist.org/eby/grd/d/pittsburg-aero-flex-16-pac-no-more-line/7264032016.html
Feb 11,Ice Cube Tray ,5,https://sfbay.craigslist.org/pen/pts/d/brand-new-toyota-corolla-disc-and-drum/7269318472.html
Feb 11,Black & Decker Weed Wacker for yard cleaning! ,40,https://sfbay.craigslist.org/pen/app/d/gaggia-delux-coffee-latte-espresso/7261741673.html
Feb 11,Antique chair solid wood ,25,https://sfbay.craigslist.org/eby/art/d/concord-mad-scientist-plastic-table/7263932872.html
Feb 11,2018 DodgeRam Front Left Drivers Side Headlight Lamp 50693B ,100,https://sfbay.craigslist.org/sby/fuo/d/santa-clara-red-comfortable-chairs/7274436496.html
Feb 11,Huge p s W & Co Pexto? 17 inch sheet metal bending Gutter tongs ,60,https://sfbay.craigslist.org/sby/wto/d/tire-cable-chain-wheel/7274436597.html
Feb 11,Green Dragon Ninja Warrior 3 Piece Costume by Forum Size 4-6 New! ,7,https://sfbay.craigslist.org/eby/tag/d/martinez-inflatable-mermaid-blue-green/7261246118.html
Feb 11,Mid Century Kid's Fiberglass Chair ,30,https://sfbay.craigslist.org/sby/bab/d/sunnyvale-ice-cube-tray/7263432824.html
Feb 11,31" Rubber Round Edge Corner Guard Protector reflective yellow safety ,20,https://sfbay.craigslist.org/pen/grd/d/black-decker-weed-wacker-for-yard/7269178716.html
Feb 11,Queen size air bed/air mattress - (Qty:3) ,20,https://sfbay.craigslist.org/sby/fuo/d/santa-clara-antique-chair-solid-wood/7274436701.html
Feb 11,Free Queen Bed - Mid-century Modern, Charcoal Hardwood with Mattress ,0,https://sfbay.craigslist.org/pen/pts/d/burlingame-2018-dodgeram-front-left/7264629068.html
Feb 11,Crutches ,20,https://sfbay.craigslist.org/eby/tls/d/concord-huge-s-co-pexto-17-inch-sheet/7276183211.html
Feb 11,RESIN SEALED SUBWOOFER MDF ENCLOSURE FOR JL AUDIO 10W6 SUB BOX ,200,https://sfbay.craigslist.org/eby/clo/d/concord-green-dragon-ninja-warrior/7263933153.html
Feb 11,Iron Tree / Vine Sculpture / Plant / Lantern / Misc Hanger ,145,https://sfbay.craigslist.org/nby/fuo/d/santa-rosa-mid-century-kids-fiberglass/7268329242.html
Feb 11,Makita Impactor with 4.0ah battery ,115,https://sfbay.craigslist.org/pen/for/d/31-rubber-round-edge-corner-guard/7272994888.html
Feb 11,Vintage Chevrolet Chevelle SS Parts ,1,https://sfbay.craigslist.org/sby/spo/d/santa-clara-queen-size-air-bed-air/7274436863.html
Feb 11,Yakima Q-Towers Roof Rack Towers Set of 4 with Box ,100,https://sfbay.craigslist.org/pen/zip/d/pacifica-free-queen-bed-mid-century/7276183180.html
Feb 11,Beauty from Paris, France - SEALED! ,0,https://sfbay.craigslist.org/sby/hab/d/santa-clara-crutches/7274443886.html
Feb 11,Central Tool Co Certified 1-2 Micrometer ,25,https://sfbay.craigslist.org/pen/pts/d/burlingame-resin-sealed-subwoofer-mdf/7264628875.html
Feb 11,Angel Women's Adult White Christmas Halloween Holiday Costume New!!! ,20,https://sfbay.craigslist.org/nby/for/d/rohnert-park-iron-tree-vine-sculpture/7266929873.html
Feb 11,Jordan Cap and Gown 11 S14 ,200,https://sfbay.craigslist.org/nby/tls/d/petaluma-makita-impactor-with-40ah/7269924448.html
Feb 11,Baccarat Crystal Caviar Bowl W/ Floating Bowl Over Ice Bowl ,375,https://sfbay.craigslist.org/sby/pts/d/santa-clara-vintage-chevrolet-chevelle/7276183127.html
Feb 11,Interactive Dog Guitar - Woofer ,10,https://sfbay.craigslist.org/nby/spo/d/santa-rosa-yakima-towers-roof-rack/7265328709.html
Feb 11,Arctic Cove Standard Cooling Towel 5" x 34" BlueEW! New!!! ,11,https://sfbay.craigslist.org/sfc/hab/d/emeryville-beauty-from-paris-france/7276183116.html
Feb 11,Oval-cut Rainbow Mystic Topaz Engagement Ring .925 Size 8 U.S. ,42,https://sfbay.craigslist.org/eby/tls/d/concord-central-tool-co-certified-2/7276183095.html
Feb 11,Vintage Weston Megohmmeter Model 796 In Wood Box W/ Accessories ,85,https://sfbay.craigslist.org/eby/clo/d/martinez-angel-womens-adult-white/7261246076.html
Feb 11,powerup 2.0 electric paper airplane ,15,https://sfbay.craigslist.org/eby/clo/d/berkeley-jordan-cap-and-gown-11-s14/7263298936.html
Feb 11,Rainbow Birthday 40th Birthday Jumbo Balloon New!!! ,9,https://sfbay.craigslist.org/nby/for/d/rohnert-park-baccarat-crystal-caviar/7265664893.html
Feb 11,Candy Pink Polka Dot Paper Treat Bags 20ct 4" x 2.5" New!!! ,2,https://sfbay.craigslist.org/sby/bab/d/sunnyvale-interactive-dog-guitar-woofer/7273408439.html
Feb 11,DC Winter jacket size 16 ,80,https://sfbay.craigslist.org/eby/for/d/arctic-cove-standard-cooling-towel-x-34/7264271890.html
Feb 11,Vintage Peavey Bandit 112 65w 1x12 Guitar Amp ,175,https://sfbay.craigslist.org/eby/jwl/d/fremont-oval-cut-rainbow-mystic-topaz/7276171330.html
Feb 11,Heart Shaped Pick Birthday Candles 10 pack Valentines Day Decorations ,3,https://sfbay.craigslist.org/nby/ele/d/rohnert-park-vintage-weston-megohmmeter/7267357823.html
Feb 11,Transformers Titans Return Trypticon ,150,https://sfbay.craigslist.org/sby/ele/d/los-altos-powerup-20-electric-paper/7276169739.html
Feb 11,Vintage Asoma Hard Plastic Tennis Racket & Accessory Case W/ Keys ,325,https://sfbay.craigslist.org/eby/art/d/martinez-rainbow-birthday-40th-birthday/7261511381.html
Feb 11,Turkish coffee set ,50,https://sfbay.craigslist.org/eby/art/d/martinez-candy-pink-polka-dot-paper/7263952457.html
Feb 11,40" Number 6 - Rose Gold Megaloon Foil Mylar Balloon Pack of 1 NEW ,4,https://sfbay.craigslist.org/eby/clo/d/pleasanton-dc-winter-jacket-size-16/7270500755.html
Feb 11,TWIN Box Spring Mattress ,20,https://sfbay.craigslist.org/sby/msg/d/santa-clara-vintage-peavey-bandit-1x12/7276182967.html
Feb 11,Qualatex 21 Birthday Confetti Foil Balloon 18" Balloon New!!! ,6,https://sfbay.craigslist.org/eby/art/d/martinez-heart-shaped-pick-birthday/7263933408.html
Feb 11,Mid-Century Columbia Colonial C 4-Drawer Letter-Size File Cabinet ,125,https://sfbay.craigslist.org/scz/clt/d/aptos-transformers-titans-return/7276182902.html
Feb 11,FREE working Dirt Devil Vaccum cleaner ,0,https://sfbay.craigslist.org/nby/for/d/rohnert-park-vintage-asoma-hard-plastic/7267357940.html
Feb 11,Children’s books ,10,https://sfbay.craigslist.org/eby/hsh/d/richmond-turkish-coffee-set/7276182893.html
Feb 11,Hand bag Christian Lacroix ,25,https://sfbay.craigslist.org/eby/art/d/concord-40-number-rose-gold-megaloon/7272215893.html
Feb 11,Simpson Strong-Tie 1/4" x 4" Titen 2 Concrete & Masonry Screws 25ct. N ,15,https://sfbay.craigslist.org/sby/fuo/d/santa-clara-twin-box-spring-mattress-20/7276182866.html
Feb 11,*New & Sealed* Airinum Urban Air Mask 2.0 Onyx Black L Size ,85,https://sfbay.craigslist.org/eby/art/d/martinez-qualatex-21-birthday-confetti/7263932743.html
Feb 11,Weber Grill:,90,https://sfbay.craigslist.org/nby/for/d/rohnert-park-mid-century-columbia/7265239555.html
Feb 11,Halloween Bat Plastic Tray 17" x 10" New!!! ,5,https://sfbay.craigslist.org/sfc/zip/d/san-francisco-free-working-dirt-devil/7276182837.html
Feb 11,Pyramid 4000 Time Clock ,100,https://sfbay.craigslist.org/nby/bks/d/windsor-childrens-books/7276182842.html
Feb 11,Free darkroom chemistry and old paper ,Feb 11 Free darkroom chemistry and old paper ,https://sfbay.craigslist.org/sby/clo/d/san-jose-hand-bag-christian-lacroix/7276182830.html
